ligand_id,complex_pdb,ptm,iptm,complex_plddt,confidence_score,affinity_pred_value,affinity_prob_binary
adagrasib,results/boltz/preds/adagrasib/boltz_results_adagrasib/predictions/adagrasib/adagrasib_model_2.pdb,0.9853773713111877,0.9867632985115051,0.9773529171943665,0.9792349934577942,-1.9054808616638184,0.9503950476646423
ars853,results/boltz/preds/ars853/boltz_results_ars853/predictions/ars853/ars853_model_0.pdb,0.9815733432769775,0.9803774356842041,0.9781360626220703,0.9785842895507812,-0.10653418302536011,0.7453189492225647
ars1620,results/boltz/preds/ars1620/boltz_results_ars1620/predictions/ars1620/ars1620_model_0.pdb,0.9775105118751526,0.9847179651260376,0.9701527953147888,0.9730658531188965,-0.6808910965919495,0.9489796161651611
sotorasib,results/boltz/preds/sotorasib/boltz_results_sotorasib/predictions/sotorasib/sotorasib_model_3.pdb,0.9753824472427368,0.9755867719650269,0.9542754292488098,0.9585376977920532,0.7074805498123169,0.8509381413459778
